scenario_name,simulation_date,Zone_name,Venue_type,count,density,occupancy_ratio,avg_speed,flow_in,avg_dwelltime,flow_out,flow_imbalance,flow_ratio,count_t-1,density_t-1,flow_in_t-1,count_trend,density_change_rate,rolling_count_3h,neighbor_density_avg,neighbor_flow_in,event_type,event_scale,time_to_event_start,time_to_event_end,hour_of_day,day_of_week,is_weekend,pressure_score,exit_blocked_flag,exits_open_count,zone_capacity,zone_area_sqm,num_exits,weather,temperature_c
Concert Event Night,2024-03-15,EntryExitPoint_E,MALL,0,0.0,0.0,0.0,0,0.0,0,0,0.0,0.0,0.0,0.0,0.0,0.0,0.0,0.006,10.0,none,none,18,22,0,4,0,0.0,0,4,80,300.0,1,clear,24.0
Concert Event Night,2024-03-15,EntryExitPoint_N,MALL,9,0.03,0.09,0.8858,9,90.7918,9,0,1.0,0.0,0.0,0.0,9.0,100.0,9.0,0.01,20.0,none,none,18,22,0,4,0,0.0266,0,4,100,300.0,1,clear,24.0
Concert Event Night,2024-03-15,EntryExitPoint_S,MALL,0,0.0,0.0,0.0,0,0.0,0,0,0.0,0.0,0.0,0.0,0.0,0.0,0.0,0.0013,4.0,none,none,18,22,0,4,0,0.0,0,4,100,300.0,1,clear,24.0
Concert Event Night,2024-03-15,EntryExitPoint_W,MALL,0,0.0,0.0,0.0,0,0.0,0,0,0.0,0.0,0.0,0.0,0.0,0.0,0.0,0.0054,9.0,none,none,18,22,0,4,0,0.0,0,4,80,300.0,1,clear,24.0
Concert Event Night,2024-03-15,EventArea,MALL,2,0.0013,0.004,0.9523,2,72.0744,2,0,1.0,0.0,0.0,0.0,2.0,100.0,2.0,0.0035,11.0,none,none,18,22,0,4,0,0.0013,0,4,500,1500.0,1,clear,24.0
Concert Event Night,2024-03-15,FoodCourt,MALL,2,0.0013,0.005,1.2355,2,94.8964,2,0,1.0,0.0,0.0,0.0,2.0,100.0,2.0,0.003,9.0,none,none,18,22,0,4,0,0.0016,0,4,400,1500.0,1,clear,24.0
Concert Event Night,2024-03-15,Lobby,MALL,20,0.01,0.0333,0.9956,20,114.8516,20,0,1.0,0.0,0.0,0.0,20.0,100.0,20.0,0.0143,35.0,none,none,18,22,0,4,0,0.01,0,4,600,2000.0,2,clear,24.0
Concert Event Night,2024-03-15,PedestrianPathway,MALL,15,0.0167,0.06,1.1173,15,101.5396,15,0,1.0,0.0,0.0,0.0,15.0,100.0,15.0,0.0064,43.0,none,none,18,22,0,4,0,0.0186,0,4,250,900.0,0,clear,24.0
Concert Event Night,2024-03-15,QueueArea,MALL,3,0.005,0.02,1.1182,3,170.7786,3,0,1.0,0.0,0.0,0.0,3.0,100.0,3.0,0.0074,27.0,none,none,18,22,0,4,0,0.0056,0,4,150,600.0,1,clear,24.0
Concert Event Night,2024-03-15,RetailArea_L,MALL,6,0.0057,0.02,0.9776,6,96.1654,6,0,1.0,0.0,0.0,0.0,6.0,100.0,6.0,0.0106,38.0,none,none,18,22,0,4,0,0.0056,0,4,300,1050.0,1,clear,24.0
Concert Event Night,2024-03-15,RetailArea_R,MALL,5,0.0048,0.0167,0.9151,5,82.1985,5,0,1.0,0.0,0.0,0.0,5.0,100.0,5.0,0.0113,40.0,none,none,18,22,0,4,0,0.0044,0,4,300,1050.0,1,clear,24.0
Concert Event Night,2024-03-15,ServicePoint,MALL,4,0.0057,0.0222,1.093,4,86.584,4,0,1.0,0.0,0.0,0.0,4.0,100.0,4.0,0.0075,25.0,none,none,18,22,0,4,0,0.0062,0,4,180,700.0,1,clear,24.0
Concert Event Night,2024-03-15,WaitingArea,MALL,5,0.0071,0.025,0.884,5,85.586,5,0,1.0,0.0,0.0,0.0,5.0,100.0,5.0,0.0071,26.0,none,none,18,22,0,4,0,0.0063,0,4,200,700.0,1,clear,24.0
Concert Event Night,2024-03-15,EntryExitPoint_E,MALL,0,0.0,0.0,0.0,0,0.0,0,0,0.0,0.0,0.0,0.0,0.0,0.0,0.0,0.0048,8.0,none,none,17,21,1,4,0,0.0,0,4,80,300.0,1,clear,24.0
Concert Event Night,2024-03-15,EntryExitPoint_N,MALL,6,0.02,0.06,0.931,6,99.167,6,0,1.0,9.0,0.03,9.0,-3.0,-0.3333,7.5,0.0095,19.0,none,none,17,21,1,4,0,0.0186,0,4,100,300.0,1,clear,24.0
Concert Event Night,2024-03-15,EntryExitPoint_S,MALL,0,0.0,0.0,0.0,0,0.0,0,0,0.0,0.0,0.0,0.0,0.0,0.0,0.0,0.0013,4.0,none,none,17,21,1,4,0,0.0,0,4,100,300.0,1,clear,24.0
Concert Event Night,2024-03-15,EntryExitPoint_W,MALL,0,0.0,0.0,0.0,0,0.0,0,0,0.0,0.0,0.0,0.0,0.0,0.0,0.0,0.0036,6.0,none,none,17,21,1,4,0,0.0,0,4,80,300.0,1,clear,24.0
Concert Event Night,2024-03-15,EventArea,MALL,2,0.0013,0.004,0.998,2,75.7137,2,0,1.0,2.0,0.0013,2.0,0.0,0.0,2.0,0.0035,11.0,none,none,17,21,1,4,0,0.0013,0,4,500,1500.0,1,clear,24.0
Concert Event Night,2024-03-15,FoodCourt,MALL,2,0.0013,0.005,1.159,2,58.0784,2,0,1.0,2.0,0.0013,2.0,0.0,0.0,2.0,0.003,9.0,none,none,17,21,1,4,0,0.0015,0,4,400,1500.0,1,clear,24.0
Concert Event Night,2024-03-15,Lobby,MALL,19,0.0095,0.0317,1.0572,19,94.3533,19,0,1.0,20.0,0.01,20.0,-1.0,-0.05,19.5,0.0108,28.0,none,none,17,21,1,4,0,0.01,0,4,600,2000.0,2,clear,24.0
Concert Event Night,2024-03-15,PedestrianPathway,MALL,14,0.0156,0.056,1.0131,14,105.2556,14,0,1.0,15.0,0.0167,15.0,-1.0,-0.0667,14.5,0.0056,38.0,none,none,17,21,1,4,0,0.0158,0,4,250,900.0,0,clear,24.0
Concert Event Night,2024-03-15,QueueArea,MALL,2,0.0033,0.0133,1.1107,2,194.409,2,0,1.0,3.0,0.005,3.0,-1.0,-0.3333,2.5,0.007,25.0,none,none,17,21,1,4,0,0.0037,0,4,150,600.0,1,clear,24.0
Concert Event Night,2024-03-15,RetailArea_L,MALL,4,0.0038,0.0133,1.0958,4,170.928,4,0,1.0,6.0,0.0057,6.0,-2.0,-0.3333,5.0,0.0095,35.0,none,none,17,21,1,4,0,0.0042,0,4,300,1050.0,1,clear,24.0
Concert Event Night,2024-03-15,RetailArea_R,MALL,4,0.0038,0.0133,0.979,4,150.7238,4,0,1.0,5.0,0.0048,5.0,-1.0,-0.2,4.5,0.0103,37.0,none,none,17,21,1,4,0,0.0037,0,4,300,1050.0,1,clear,24.0
Concert Event Night,2024-03-15,ServicePoint,MALL,5,0.0071,0.0278,1.0918,5,76.727,5,0,1.0,4.0,0.0057,4.0,1.0,0.25,4.5,0.0065,22.0,none,none,17,21,1,4,0,0.0078,0,4,180,700.0,1,clear,24.0
Concert Event Night,2024-03-15,WaitingArea,MALL,4,0.0057,0.02,1.0337,4,94.5634,4,0,1.0,5.0,0.0071,5.0,-1.0,-0.2,4.5,0.007,25.0,none,none,17,21,1,4,0,0.0059,0,4,200,700.0,1,clear,24.0
Concert Event Night,2024-03-15,EntryExitPoint_E,MALL,0,0.0,0.0,0.0,0,0.0,0,0,0.0,0.0,0.0,0.0,0.0,0.0,0.0,0.006,10.0,none,none,16,20,2,4,0,0.0,0,4,80,300.0,1,clear,24.0
Concert Event Night,2024-03-15,EntryExitPoint_N,MALL,12,0.04,0.12,1.159,12,156.534,12,0,1.0,6.0,0.02,6.0,6.0,1.0,9.0,0.01,20.0,none,none,16,20,2,4,0,0.0464,0,4,100,300.0,1,clear,24.0
Concert Event Night,2024-03-15,EntryExitPoint_S,MALL,0,0.0,0.0,0.0,0,0.0,0,0,0.0,0.0,0.0,0.0,0.0,0.0,0.0,0.0013,4.0,none,none,16,20,2,4,0,0.0,0,4,100,300.0,1,clear,24.0
Concert Event Night,2024-03-15,EntryExitPoint_W,MALL,0,0.0,0.0,0.0,0,0.0,0,0,0.0,0.0,0.0,0.0,0.0,0.0,0.0,0.004,7.0,none,none,16,20,2,4,0,0.0,0,4,80,300.0,1,clear,24.0
Concert Event Night,2024-03-15,EventArea,MALL,2,0.0013,0.004,0.8713,2,101.7891,2,0,1.0,2.0,0.0013,2.0,0.0,0.0,2.0,0.0043,13.0,none,none,16,20,2,4,0,0.0012,0,4,500,1500.0,1,clear,24.0
Concert Event Night,2024-03-15,FoodCourt,MALL,2,0.0013,0.005,1.321,2,38.8936,2,0,1.0,2.0,0.0013,2.0,0.0,0.0,2.0,0.0033,10.0,none,none,16,20,2,4,0,0.0018,0,4,400,1500.0,1,clear,24.0
Concert Event Night,2024-03-15,Lobby,MALL,20,0.01,0.0333,1.0091,20,138.662,20,0,1.0,19.0,0.0095,19.0,1.0,0.0526,19.6667,0.0163,36.0,none,none,16,20,2,4,0,0.0101,0,4,600,2000.0,2,clear,24.0
Concert Event Night,2024-03-15,PedestrianPathway,MALL,14,0.0156,0.056,1.0365,14,148.8182,14,0,1.0,14.0,0.0156,14.0,0.0,0.0,14.3333,0.0064,43.0,none,none,16,20,2,4,0,0.0161,0,4,250,900.0,0,clear,24.0
Concert Event Night,2024-03-15,QueueArea,MALL,2,0.0033,0.0133,0.9435,2,129.8787,2,0,1.0,2.0,0.0033,2.0,0.0,0.0,2.3333,0.0076,27.0,none,none,16,20,2,4,0,0.0031,0,4,150,600.0,1,clear,24.0
Concert Event Night,2024-03-15,RetailArea_L,MALL,5,0.0048,0.0167,0.9481,5,118.5568,5,0,1.0,4.0,0.0038,4.0,1.0,0.2499,5.0,0.0096,36.0,none,none,16,20,2,4,0,0.0045,0,4,300,1050.0,1,clear,24.0
Concert Event Night,2024-03-15,RetailArea_R,MALL,5,0.0048,0.0167,0.8662,5,107.5288,5,0,1.0,4.0,0.0038,4.0,1.0,0.2499,4.6667,0.0109,39.0,none,none,16,20,2,4,0,0.0041,0,4,300,1050.0,1,clear,24.0
Concert Event Night,2024-03-15,ServicePoint,MALL,6,0.0086,0.0333,1.1839,6,126.0903,6,0,1.0,5.0,0.0071,5.0,1.0,0.2,5.0,0.0068,23.0,none,none,16,20,2,4,0,0.0101,0,4,180,700.0,1,clear,24.0
Concert Event Night,2024-03-15,WaitingArea,MALL,5,0.0071,0.025,0.8611,5,120.6136,5,0,1.0,4.0,0.0057,4.0,1.0,0.25,4.6667,0.0076,27.0,none,none,16,20,2,4,0,0.0062,0,4,200,700.0,1,clear,24.0
Concert Event Night,2024-03-15,EntryExitPoint_E,MALL,0,0.0,0.0,0.0,0,0.0,0,0,0.0,0.0,0.0,0.0,0.0,0.0,0.0,0.004,7.0,none,none,15,19,3,4,0,0.0,0,4,80,300.0,1,clear,24.0
Concert Event Night,2024-03-15,EntryExitPoint_N,MALL,10,0.0333,0.1,1.1783,10,133.3502,10,0,1.0,12.0,0.04,12.0,-2.0,-0.1667,9.3333,0.0095,19.0,none,none,15,19,3,4,0,0.0393,0,4,100,300.0,1,clear,24.0
Concert Event Night,2024-03-15,EntryExitPoint_S,MALL,0,0.0,0.0,0.0,0,0.0,0,0,0.0,0.0,0.0,0.0,0.0,0.0,0.0,0.0013,4.0,none,none,15,19,3,4,0,0.0,0,4,100,300.0,1,clear,24.0
Concert Event Night,2024-03-15,EntryExitPoint_W,MALL,0,0.0,0.0,0.0,0,0.0,0,0,0.0,0.0,0.0,0.0,0.0,0.0,0.0,0.0054,9.0,none,none,15,19,3,4,0,0.0,0,4,80,300.0,1,clear,24.0
Concert Event Night,2024-03-15,EventArea,MALL,2,0.0013,0.004,0.954,2,33.2367,2,0,1.0,2.0,0.0013,2.0,0.0,0.0,2.0,0.0032,10.0,none,none,15,19,3,4,0,0.0013,0,4,500,1500.0,1,clear,24.0
Concert Event Night,2024-03-15,FoodCourt,MALL,2,0.0013,0.005,1.2755,2,270.249,2,0,1.0,2.0,0.0013,2.0,0.0,0.0,2.0,0.0034,10.0,none,none,15,19,3,4,0,0.0017,0,4,400,1500.0,1,clear,24.0
Concert Event Night,2024-03-15,Lobby,MALL,19,0.0095,0.0317,1.0779,19,173.9568,19,0,1.0,20.0,0.01,20.0,-1.0,-0.05,19.3333,0.0143,33.0,none,none,15,19,3,4,0,0.0102,0,4,600,2000.0,2,clear,24.0
Concert Event Night,2024-03-15,PedestrianPathway,MALL,13,0.0144,0.052,1.0465,13,186.2378,13,0,1.0,14.0,0.0156,14.0,-1.0,-0.0714,13.6667,0.0059,40.0,none,none,15,19,3,4,0,0.0151,0,4,250,900.0,0,clear,24.0
Concert Event Night,2024-03-15,QueueArea,MALL,3,0.005,0.02,1.464,3,335.4748,3,0,1.0,2.0,0.0033,2.0,1.0,0.4999,2.3333,0.0072,26.0,none,none,15,19,3,4,0,0.0073,0,4,150,600.0,1,clear,24.0
Concert Event Night,2024-03-15,RetailArea_L,MALL,6,0.0057,0.02,1.217,6,133.4361,6,0,1.0,5.0,0.0048,5.0,1.0,0.2,5.0,0.0096,35.0,none,none,15,19,3,4,0,0.007,0,4,300,1050.0,1,clear,24.0
Concert Event Night,2024-03-15,RetailArea_R,MALL,4,0.0038,0.0133,1.0626,4,206.6228,4,0,1.0,5.0,0.0048,5.0,-1.0,-0.2,4.3333,0.0094,35.0,none,none,15,19,3,4,0,0.004,0,4,300,1050.0,1,clear,24.0
Concert Event Night,2024-03-15,ServicePoint,MALL,5,0.0071,0.0278,1.2052,5,175.0225,5,0,1.0,6.0,0.0086,6.0,-1.0,-0.1666,5.3333,0.0063,21.0,none,none,15,19,3,4,0,0.0086,0,4,180,700.0,1,clear,24.0
Concert Event Night,2024-03-15,WaitingArea,MALL,3,0.0043,0.015,0.8858,3,35.8287,3,0,1.0,5.0,0.0071,5.0,-2.0,-0.3999,4.0,0.0067,24.0,none,none,15,19,3,4,0,0.0038,0,4,200,700.0,1,clear,24.0
Concert Event Night,2024-03-15,EntryExitPoint_E,MALL,0,0.0,0.0,0.0,0,0.0,0,0,0.0,0.0,0.0,0.0,0.0,0.0,0.0,0.006,10.0,none,none,14,18,4,4,0,0.0,0,4,80,300.0,1,clear,24.0
Concert Event Night,2024-03-15,EntryExitPoint_N,MALL,13,0.0433,0.13,1.187,13,136.3727,13,0,1.0,10.0,0.0333,10.0,3.0,0.3,11.6667,0.01,20.0,none,none,14,18,4,4,0,0.0514,0,4,100,300.0,1,clear,24.0
Concert Event Night,2024-03-15,EntryExitPoint_S,MALL,0,0.0,0.0,0.0,0,0.0,0,0,0.0,0.0,0.0,0.0,0.0,0.0,0.0,0.0013,4.0,none,none,14,18,4,4,0,0.0,0,4,100,300.0,1,clear,24.0
Concert Event Night,2024-03-15,EntryExitPoint_W,MALL,0,0.0,0.0,0.0,0,0.0,0,0,0.0,0.0,0.0,0.0,0.0,0.0,0.0,0.004,7.0,none,none,14,18,4,4,0,0.0,0,4,80,300.0,1,clear,24.0
Concert Event Night,2024-03-15,EventArea,MALL,2,0.0013,0.004,1.053,2,63.6618,2,0,1.0,2.0,0.0013,2.0,0.0,0.0,2.0,0.0039,12.0,none,none,14,18,4,4,0,0.0014,0,4,500,1500.0,1,clear,24.0
Concert Event Night,2024-03-15,FoodCourt,MALL,2,0.0013,0.005,1.1665,2,56.6395,2,0,1.0,2.0,0.0013,2.0,0.0,0.0,2.0,0.003,9.0,none,none,14,18,4,4,0,0.0016,0,4,400,1500.0,1,clear,24.0
Concert Event Night,2024-03-15,Lobby,MALL,20,0.01,0.0333,1.1273,20,123.8296,20,0,1.0,19.0,0.0095,19.0,1.0,0.0526,19.6667,0.0174,38.0,none,none,14,18,4,4,0,0.0113,0,4,600,2000.0,2,clear,24.0
Concert Event Night,2024-03-15,PedestrianPathway,MALL,15,0.0167,0.06,1.1439,15,122.9209,15,0,1.0,13.0,0.0144,13.0,2.0,0.1538,14.0,0.0062,42.0,none,none,14,18,4,4,0,0.0191,0,4,250,900.0,0,clear,24.0
Concert Event Night,2024-03-15,QueueArea,MALL,2,0.0033,0.0133,1.447,2,276.3115,2,0,1.0,3.0,0.005,3.0,-1.0,-0.3333,2.3333,0.0075,27.0,none,none,14,18,4,4,0,0.0048,0,4,150,600.0,1,clear,24.0
Concert Event Night,2024-03-15,RetailArea_L,MALL,5,0.0048,0.0167,1.2626,5,141.3547,5,0,1.0,6.0,0.0057,6.0,-1.0,-0.1666,5.3333,0.01,37.0,none,none,14,18,4,4,0,0.006,0,4,300,1050.0,1,clear,24.0
Concert Event Night,2024-03-15,RetailArea_R,MALL,5,0.0048,0.0167,1.2152,5,221.5485,5,0,1.0,4.0,0.0038,4.0,1.0,0.2499,4.6667,0.0113,40.0,none,none,14,18,4,4,0,0.0058,0,4,300,1050.0,1,clear,24.0
Concert Event Night,2024-03-15,ServicePoint,MALL,5,0.0071,0.0278,1.1996,5,108.0083,5,0,1.0,5.0,0.0071,5.0,0.0,0.0,5.3333,0.0071,24.0,none,none,14,18,4,4,0,0.0086,0,4,180,700.0,1,clear,24.0
Concert Event Night,2024-03-15,WaitingArea,MALL,5,0.0071,0.025,1.1234,5,150.5021,5,0,1.0,3.0,0.0043,3.0,2.0,0.6665,4.3333,0.0075,27.0,none,none,14,18,4,4,0,0.008,0,4,200,700.0,1,clear,24.0
Concert Event Night,2024-03-15,EntryExitPoint_E,MALL,0,0.0,0.0,0.0,0,0.0,0,0,0.0,0.0,0.0,0.0,0.0,0.0,0.0,0.0107,18.0,none,none,13,17,5,4,0,0.0,0,4,80,300.0,1,clear,24.0
Concert Event Night,2024-03-15,EntryExitPoint_N,MALL,23,0.0767,0.23,0.9783,23,71.1766,23,0,1.0,13.0,0.0433,13.0,10.0,0.7692,15.3333,0.02,40.0,none,none,13,17,5,4,0,0.075,0,4,100,300.0,1,clear,24.0
Concert Event Night,2024-03-15,EntryExitPoint_S,MALL,0,0.0,0.0,0.0,0,0.0,0,0,0.0,0.0,0.0,0.0,0.0,0.0,0.0,0.0027,8.0,none,none,13,17,5,4,0,0.0,0,4,100,300.0,1,clear,24.0
Concert Event Night,2024-03-15,EntryExitPoint_W,MALL,0,0.0,0.0,0.0,0,0.0,0,0,0.0,0.0,0.0,0.0,0.0,0.0,0.0,0.0106,17.0,none,none,13,17,5,4,0,0.0,0,4,80,300.0,1,clear,24.0
Concert Event Night,2024-03-15,EventArea,MALL,4,0.0027,0.008,1.211,4,61.336,4,0,1.0,2.0,0.0013,2.0,2.0,0.9993,2.6667,0.0071,22.0,none,none,13,17,5,4,0,0.0032,0,4,500,1500.0,1,clear,24.0
Concert Event Night,2024-03-15,FoodCourt,MALL,4,0.0027,0.01,1.0317,4,114.1997,4,0,1.0,2.0,0.0013,2.0,2.0,0.9993,2.6667,0.0068,20.0,none,none,13,17,5,4,0,0.0028,0,4,400,1500.0,1,clear,24.0
Concert Event Night,2024-03-15,Lobby,MALL,40,0.02,0.0667,1.0248,40,90.6461,40,0,1.0,20.0,0.01,20.0,20.0,0.9999,26.3333,0.0306,67.0,none,none,13,17,5,4,0,0.0205,0,4,600,2000.0,2,clear,24.0
Concert Event Night,2024-03-15,PedestrianPathway,MALL,25,0.0278,0.1,1.0337,25,95.935,25,0,1.0,15.0,0.0167,15.0,10.0,0.6666,17.6667,0.0126,84.0,none,none,13,17,5,4,0,0.0287,0,4,250,900.0,0,clear,24.0
Concert Event Night,2024-03-15,QueueArea,MALL,7,0.0117,0.0467,1.0349,7,68.0544,7,0,1.0,2.0,0.0033,2.0,5.0,2.4993,4.0,0.0132,48.0,none,none,13,17,5,4,0,0.0121,0,4,150,600.0,1,clear,24.0
Concert Event Night,2024-03-15,RetailArea_L,MALL,10,0.0095,0.0333,1.0083,10,60.7073,10,0,1.0,5.0,0.0048,5.0,5.0,0.9998,7.0,0.0198,72.0,none,none,13,17,5,4,0,0.0096,0,4,300,1050.0,1,clear,24.0
Concert Event Night,2024-03-15,RetailArea_R,MALL,9,0.0086,0.03,1.173,9,125.0774,9,0,1.0,5.0,0.0048,5.0,4.0,0.7998,6.0,0.0202,74.0,none,none,13,17,5,4,0,0.0101,0,4,300,1050.0,1,clear,24.0
Concert Event Night,2024-03-15,ServicePoint,MALL,9,0.0129,0.05,0.9936,9,123.2569,9,0,1.0,5.0,0.0071,5.0,4.0,0.7999,6.3333,0.0137,45.0,none,none,13,17,5,4,0,0.0128,0,4,180,700.0,1,clear,24.0
Concert Event Night,2024-03-15,WaitingArea,MALL,9,0.0129,0.045,1.1941,9,81.9826,9,0,1.0,5.0,0.0071,5.0,4.0,0.7999,5.6667,0.013,47.0,none,none,13,17,5,4,0,0.0154,0,4,200,700.0,1,clear,24.0
Concert Event Night,2024-03-15,EntryExitPoint_E,MALL,0,0.0,0.0,0.0,0,0.0,0,0,0.0,0.0,0.0,0.0,0.0,0.0,0.0,0.0267,45.0,none,none,12,16,6,4,0,0.0,0,4,80,300.0,1,clear,24.0
Concert Event Night,2024-03-15,EntryExitPoint_N,MALL,56,0.1867,0.56,1.069,56,112.5384,56,0,1.0,23.0,0.0767,23.0,33.0,1.4348,30.6667,0.049,98.0,none,none,12,16,6,4,0,0.1995,0,4,100,300.0,1,clear,24.0
Concert Event Night,2024-03-15,EntryExitPoint_S,MALL,0,0.0,0.0,0.0,0,0.0,0,0,0.0,0.0,0.0,0.0,0.0,0.0,0.0,0.0073,22.0,none,none,12,16,6,4,0,0.0,0,4,100,300.0,1,clear,24.0
Concert Event Night,2024-03-15,EntryExitPoint_W,MALL,0,0.0,0.0,0.0,0,0.0,0,0,0.0,0.0,0.0,0.0,0.0,0.0,0.0,0.0231,38.0,none,none,12,16,6,4,0,0.0,0,4,80,300.0,1,clear,24.0
Concert Event Night,2024-03-15,EventArea,MALL,11,0.0073,0.022,1.0093,11,110.0381,11,0,1.0,4.0,0.0027,4.0,7.0,1.7493,5.6667,0.0179,56.0,none,none,12,16,6,4,0,0.0074,0,4,500,1500.0,1,clear,24.0
Concert Event Night,2024-03-15,FoodCourt,MALL,11,0.0073,0.0275,1.1626,11,80.3496,11,0,1.0,4.0,0.0027,4.0,7.0,1.7493,5.6667,0.0159,48.0,none,none,12,16,6,4,0,0.0085,0,4,400,1500.0,1,clear,24.0
Concert Event Night,2024-03-15,Lobby,MALL,98,0.049,0.1633,1.0402,98,110.5739,98,0,1.0,40.0,0.02,40.0,58.0,1.4499,52.6667,0.077,172.0,none,none,12,16,6,4,0,0.051,0,4,600,2000.0,2,clear,24.0
Concert Event Night,2024-03-15,PedestrianPathway,MALL,69,0.0767,0.276,1.0983,69,115.2242,69,0,1.0,25.0,0.0278,25.0,44.0,1.7599,36.3333,0.0302,204.0,none,none,12,16,6,4,0,0.0842,0,4,250,900.0,0,clear,24.0
Concert Event Night,2024-03-15,QueueArea,MALL,14,0.0233,0.0933,1.0859,14,119.8305,14,0,1.0,7.0,0.0117,7.0,7.0,0.9999,7.6667,0.0349,127.0,none,none,12,16,6,4,0,0.0253,0,4,150,600.0,1,clear,24.0
Concert Event Night,2024-03-15,RetailArea_L,MALL,24,0.0229,0.08,1.008,24,112.3699,24,0,1.0,10.0,0.0095,10.0,14.0,1.3999,13.0,0.0497,181.0,none,none,12,16,6,4,0,0.023,0,4,300,1050.0,1,clear,24.0
Concert Event Night,2024-03-15,RetailArea_R,MALL,23,0.0219,0.0767,1.0308,23,95.7947,23,0,1.0,9.0,0.0086,9.0,14.0,1.5554,12.3333,0.0524,189.0,none,none,12,16,6,4,0,0.0226,0,4,300,1050.0,1,clear,24.0
Concert Event Night,2024-03-15,ServicePoint,MALL,23,0.0329,0.1278,1.0911,23,100.8612,23,0,1.0,9.0,0.0129,9.0,14.0,1.5554,12.3333,0.0347,116.0,none,none,12,16,6,4,0,0.0358,0,4,180,700.0,1,clear,24.0
Concert Event Night,2024-03-15,WaitingArea,MALL,22,0.0314,0.11,1.0364,22,123.1111,22,0,1.0,9.0,0.0129,9.0,13.0,1.4443,12.0,0.0347,126.0,none,none,12,16,6,4,0,0.0326,0,4,200,700.0,1,clear,24.0
Concert Event Night,2024-03-15,EntryExitPoint_E,MALL,0,0.0,0.0,0.0,0,0.0,0,0,0.0,0.0,0.0,0.0,0.0,0.0,0.0,0.0545,93.0,none,none,11,15,7,4,0,0.0,0,4,80,300.0,1,clear,24.0
Concert Event Night,2024-03-15,EntryExitPoint_N,MALL,95,0.3167,0.95,1.0961,95,127.1666,95,0,1.0,56.0,0.1867,56.0,39.0,0.6964,58.0,0.0975,195.0,none,none,11,15,7,4,0,0.3471,0,4,100,300.0,1,clear,24.0
Concert Event Night,2024-03-15,EntryExitPoint_S,MALL,0,0.0,0.0,0.0,0,0.0,0,0,0.0,0.0,0.0,0.0,0.0,0.0,0.0,0.0147,44.0,none,none,11,15,7,4,0,0.0,0,4,100,300.0,1,clear,24.0
Concert Event Night,2024-03-15,EntryExitPoint_W,MALL,0,0.0,0.0,0.0,0,0.0,0,0,0.0,0.0,0.0,0.0,0.0,0.0,0.0,0.0481,80.0,none,none,11,15,7,4,0,0.0,0,4,80,300.0,1,clear,24.0
Concert Event Night,2024-03-15,EventArea,MALL,22,0.0147,0.044,1.0499,22,110.591,22,0,1.0,11.0,0.0073,11.0,11.0,0.9999,12.3333,0.0365,114.0,none,none,11,15,7,4,0,0.0154,0,4,500,1500.0,1,clear,24.0
Concert Event Night,2024-03-15,FoodCourt,MALL,22,0.0147,0.055,1.005,22,87.4569,22,0,1.0,11.0,0.0073,11.0,11.0,0.9999,12.3333,0.0328,99.0,none,none,11,15,7,4,0,0.0147,0,4,400,1500.0,1,clear,24.0
Concert Event Night,2024-03-15,Lobby,MALL,195,0.0975,0.325,1.083,195,118.5078,195,0,1.0,98.0,0.049,98.0,97.0,0.9898,111.0,0.1421,336.0,none,none,11,15,7,4,0,0.1056,0,4,600,2000.0,2,clear,24.0
Concert Event Night,2024-03-15,PedestrianPathway,MALL,139,0.1544,0.556,1.0476,139,107.25,139,0,1.0,69.0,0.0767,69.0,70.0,1.0145,77.6667,0.0621,417.0,none,none,11,15,7,4,0,0.1618,0,4,250,900.0,0,clear,24.0
Concert Event Night,2024-03-15,QueueArea,MALL,28,0.0467,0.1867,1.0734,28,109.0299,28,0,1.0,14.0,0.0233,14.0,14.0,1.0,16.3333,0.0722,262.0,none,none,11,15,7,4,0,0.0501,0,4,150,600.0,1,clear,24.0
Concert Event Night,2024-03-15,RetailArea_L,MALL,52,0.0495,0.1733,1.1483,52,126.0493,52,0,1.0,24.0,0.0229,24.0,28.0,1.1666,28.6667,0.0995,362.0,none,none,11,15,7,4,0,0.0569,0,4,300,1050.0,1,clear,24.0
Concert Event Night,2024-03-15,RetailArea_R,MALL,50,0.0476,0.1667,1.0386,50,100.8687,50,0,1.0,23.0,0.0219,23.0,27.0,1.1739,27.3333,0.1045,377.0,none,none,11,15,7,4,0,0.0495,0,4,300,1050.0,1,clear,24.0
Concert Event Night,2024-03-15,ServicePoint,MALL,49,0.07,0.2722,1.0423,49,107.52,49,0,1.0,23.0,0.0329,23.0,26.0,1.1304,27.0,0.0693,232.0,none,none,11,15,7,4,0,0.073,0,4,180,700.0,1,clear,24.0
Concert Event Night,2024-03-15,WaitingArea,MALL,43,0.0614,0.215,1.012,43,102.9302,43,0,1.0,22.0,0.0314,22.0,21.0,0.9545,24.6667,0.0717,260.0,none,none,11,15,7,4,0,0.0622,0,4,200,700.0,1,clear,24.0
Concert Event Night,2024-03-15,EntryExitPoint_E,MALL,0,0.0,0.0,0.0,0,0.0,0,0,0.0,0.0,0.0,0.0,0.0,0.0,0.0,0.066,112.0,none,none,10,14,8,4,0,0.0,0,4,80,300.0,1,clear,24.0
Concert Event Night,2024-03-15,EntryExitPoint_N,MALL,147,0.49,1.47,1.1116,147,139.8288,147,0,1.0,95.0,0.3167,95.0,52.0,0.5474,99.3333,0.119,238.0,none,none,10,14,8,4,0,0.5447,0,4,100,300.0,1,clear,24.0
Concert Event Night,2024-03-15,EntryExitPoint_S,MALL,0,0.0,0.0,0.0,0,0.0,0,0,0.0,0.0,0.0,0.0,0.0,0.0,0.0,0.0177,53.0,none,none,10,14,8,4,0,0.0,0,4,100,300.0,1,clear,24.0
Concert Event Night,2024-03-15,EntryExitPoint_W,MALL,0,0.0,0.0,0.0,0,0.0,0,0,0.0,0.0,0.0,0.0,0.0,0.0,0.0,0.0561,93.0,none,none,10,14,8,4,0,0.0,0,4,80,300.0,1,clear,24.0
Concert Event Night,2024-03-15,EventArea,MALL,26,0.0173,0.052,1.0931,26,133.6928,26,0,1.0,22.0,0.0147,22.0,4.0,0.1818,19.6667,0.0463,144.0,none,none,10,14,8,4,0,0.0189,0,4,500,1500.0,1,clear,24.0
Concert Event Night,2024-03-15,FoodCourt,MALL,27,0.018,0.0675,0.9612,27,115.7207,27,0,1.0,22.0,0.0147,22.0,5.0,0.2273,20.0,0.0409,123.0,none,none,10,14,8,4,0,0.0173,0,4,400,1500.0,1,clear,24.0
Concert Event Night,2024-03-15,Lobby,MALL,238,0.119,0.3967,1.0716,238,128.923,238,0,1.0,195.0,0.0975,195.0,43.0,0.2205,177.0,0.1997,442.0,none,none,10,14,8,4,0,0.1275,0,4,600,2000.0,2,clear,24.0
Concert Event Night,2024-03-15,PedestrianPathway,MALL,176,0.1956,0.704,1.0577,176,126.0517,176,0,1.0,139.0,0.1544,139.0,37.0,0.2662,128.0,0.0757,507.0,none,none,10,14,8,4,0,0.2068,0,4,250,900.0,0,clear,24.0
Concert Event Night,2024-03-15,QueueArea,MALL,33,0.055,0.22,1.1024,33,187.455,33,0,1.0,28.0,0.0467,28.0,5.0,0.1786,25.0,0.0905,327.0,none,none,10,14,8,4,0,0.0606,0,4,150,600.0,1,clear,24.0
Concert Event Night,2024-03-15,RetailArea_L,MALL,60,0.0571,0.2,1.0933,60,158.8681,60,0,1.0,52.0,0.0495,52.0,8.0,0.1538,45.3333,0.1232,447.0,none,none,10,14,8,4,0,0.0625,0,4,300,1050.0,1,clear,24.0
Concert Event Night,2024-03-15,RetailArea_R,MALL,59,0.0562,0.1967,1.0288,59,124.128,59,0,1.0,50.0,0.0476,50.0,9.0,0.18,44.0,0.1301,467.0,none,none,10,14,8,4,0,0.0578,0,4,300,1050.0,1,clear,24.0
Concert Event Night,2024-03-15,ServicePoint,MALL,64,0.0914,0.3556,0.9923,64,118.239,64,0,1.0,49.0,0.07,49.0,15.0,0.3061,45.3333,0.0861,289.0,none,none,10,14,8,4,0,0.0907,0,4,180,700.0,1,clear,24.0
Concert Event Night,2024-03-15,WaitingArea,MALL,53,0.0757,0.265,1.0753,53,129.1655,53,0,1.0,43.0,0.0614,43.0,10.0,0.2326,39.3333,0.0901,325.0,none,none,10,14,8,4,0,0.0814,0,4,200,700.0,1,clear,24.0
Concert Event Night,2024-03-15,EntryExitPoint_E,MALL,0,0.0,0.0,0.0,0,0.0,0,0,0.0,0.0,0.0,0.0,0.0,0.0,0.0,0.0638,108.0,none,none,9,13,9,4,0,0.0,0,4,80,300.0,1,clear,24.0
Concert Event Night,2024-03-15,EntryExitPoint_N,MALL,140,0.4667,1.4,1.0708,140,114.375,140,0,1.0,147.0,0.49,147.0,-7.0,-0.0476,127.3333,0.118,236.0,none,none,9,13,9,4,0,0.4997,0,4,100,300.0,1,clear,24.0
Concert Event Night,2024-03-15,EntryExitPoint_S,MALL,0,0.0,0.0,0.0,0,0.0,0,0,0.0,0.0,0.0,0.0,0.0,0.0,0.0,0.0173,52.0,none,none,9,13,9,4,0,0.0,0,4,100,300.0,1,clear,24.0
Concert Event Night,2024-03-15,EntryExitPoint_W,MALL,0,0.0,0.0,0.0,0,0.0,0,0,0.0,0.0,0.0,0.0,0.0,0.0,0.0,0.0604,99.0,none,none,9,13,9,4,0,0.0,0,4,80,300.0,1,clear,24.0
Concert Event Night,2024-03-15,EventArea,MALL,26,0.0173,0.052,1.0696,26,91.8588,26,0,1.0,26.0,0.0173,26.0,0.0,0.0,24.6667,0.045,140.0,none,none,9,13,9,4,0,0.0185,0,4,500,1500.0,1,clear,24.0
Concert Event Night,2024-03-15,FoodCourt,MALL,26,0.0173,0.065,1.0798,26,105.2022,26,0,1.0,27.0,0.018,27.0,-1.0,-0.037,25.0,0.0419,125.0,none,none,9,13,9,4,0,0.0187,0,4,400,1500.0,1,clear,24.0
Concert Event Night,2024-03-15,Lobby,MALL,236,0.118,0.3933,1.0752,236,118.1594,236,0,1.0,238.0,0.119,238.0,-2.0,-0.0084,223.0,0.1934,433.0,none,none,9,13,9,4,0,0.1269,0,4,600,2000.0,2,clear,24.0
Concert Event Night,2024-03-15,PedestrianPathway,MALL,175,0.1944,0.7,1.0876,175,112.3164,175,0,1.0,176.0,0.1956,176.0,-1.0,-0.0057,163.3333,0.0758,505.0,none,none,9,13,9,4,0,0.2115,0,4,250,900.0,0,clear,24.0
Concert Event Night,2024-03-15,QueueArea,MALL,37,0.0617,0.2467,1.0644,37,133.9519,37,0,1.0,33.0,0.055,33.0,4.0,0.1212,32.6667,0.0898,325.0,none,none,9,13,9,4,0,0.0656,0,4,150,600.0,1,clear,24.0
Concert Event Night,2024-03-15,RetailArea_L,MALL,62,0.059,0.2067,1.0308,62,128.5914,62,0,1.0,60.0,0.0571,60.0,2.0,0.0333,58.0,0.1247,448.0,none,none,9,13,9,4,0,0.0609,0,4,300,1050.0,1,clear,24.0
Concert Event Night,2024-03-15,RetailArea_R,MALL,56,0.0533,0.1867,1.0823,56,98.0798,56,0,1.0,59.0,0.0562,59.0,-3.0,-0.0508,55.0,0.1289,463.0,none,none,9,13,9,4,0,0.0577,0,4,300,1050.0,1,clear,24.0
Concert Event Night,2024-03-15,ServicePoint,MALL,62,0.0886,0.3444,1.1097,62,114.4236,62,0,1.0,64.0,0.0914,64.0,-2.0,-0.0312,58.3333,0.0869,290.0,none,none,9,13,9,4,0,0.0983,0,4,180,700.0,1,clear,24.0
Concert Event Night,2024-03-15,WaitingArea,MALL,52,0.0743,0.26,1.0567,52,95.0307,52,0,1.0,53.0,0.0757,53.0,-1.0,-0.0189,49.3333,0.0884,319.0,none,none,9,13,9,4,0,0.0785,0,4,200,700.0,1,clear,24.0
Concert Event Night,2024-03-15,EntryExitPoint_E,MALL,0,0.0,0.0,0.0,0,0.0,0,0,0.0,0.0,0.0,0.0,0.0,0.0,0.0,0.0662,113.0,none,none,8,12,10,4,0,0.0,0,4,80,300.0,1,clear,24.0
Concert Event Night,2024-03-15,EntryExitPoint_N,MALL,135,0.45,1.35,1.0766,135,108.7767,135,0,1.0,140.0,0.4667,140.0,-5.0,-0.0357,140.6667,0.1165,233.0,none,none,8,12,10,4,0,0.4845,0,4,100,300.0,1,clear,24.0
Concert Event Night,2024-03-15,EntryExitPoint_S,MALL,0,0.0,0.0,0.0,0,0.0,0,0,0.0,0.0,0.0,0.0,0.0,0.0,0.0,0.0173,52.0,none,none,8,12,10,4,0,0.0,0,4,100,300.0,1,clear,24.0
Concert Event Night,2024-03-15,EntryExitPoint_W,MALL,0,0.0,0.0,0.0,0,0.0,0,0,0.0,0.0,0.0,0.0,0.0,0.0,0.0,0.0552,92.0,none,none,8,12,10,4,0,0.0,0,4,80,300.0,1,clear,24.0
Concert Event Night,2024-03-15,EventArea,MALL,26,0.0173,0.052,0.9966,26,122.2684,26,0,1.0,26.0,0.0173,26.0,0.0,0.0,26.0,0.045,140.0,none,none,8,12,10,4,0,0.0173,0,4,500,1500.0,1,clear,24.0
Concert Event Night,2024-03-15,FoodCourt,MALL,26,0.0173,0.065,1.0525,26,100.1354,26,0,1.0,26.0,0.0173,26.0,0.0,0.0,26.3333,0.0398,120.0,none,none,8,12,10,4,0,0.0182,0,4,400,1500.0,1,clear,24.0
Concert Event Night,2024-03-15,Lobby,MALL,233,0.1165,0.3883,1.0667,233,111.8886,233,0,1.0,236.0,0.118,236.0,-3.0,-0.0127,235.6667,0.1877,423.0,none,none,8,12,10,4,0,0.1243,0,4,600,2000.0,2,clear,24.0
Concert Event Night,2024-03-15,PedestrianPathway,MALL,167,0.1856,0.668,1.0445,167,103.8833,167,0,1.0,175.0,0.1944,175.0,-8.0,-0.0457,172.6667,0.0747,500.0,none,none,8,12,10,4,0,0.1938,0,4,250,900.0,0,clear,24.0
Concert Event Night,2024-03-15,QueueArea,MALL,32,0.0533,0.2133,1.028,32,116.7188,32,0,1.0,37.0,0.0617,37.0,-5.0,-0.1351,34.0,0.0872,315.0,none,none,8,12,10,4,0,0.0548,0,4,150,600.0,1,clear,24.0
Concert Event Night,2024-03-15,RetailArea_L,MALL,60,0.0571,0.2,1.0619,60,112.7976,60,0,1.0,62.0,0.059,62.0,-2.0,-0.0323,60.6667,0.1185,432.0,none,none,8,12,10,4,0,0.0607,0,4,300,1050.0,1,clear,24.0
Concert Event Night,2024-03-15,RetailArea_R,MALL,61,0.0581,0.2033,1.0666,61,145.8771,61,0,1.0,56.0,0.0533,56.0,5.0,0.0893,58.6667,0.1254,452.0,none,none,8,12,10,4,0,0.062,0,4,300,1050.0,1,clear,24.0
Concert Event Night,2024-03-15,ServicePoint,MALL,62,0.0886,0.3444,1.0501,62,93.8011,62,0,1.0,62.0,0.0886,62.0,0.0,0.0,62.6667,0.0826,277.0,none,none,8,12,10,4,0,0.093,0,4,180,700.0,1,clear,24.0
Concert Event Night,2024-03-15,WaitingArea,MALL,52,0.0743,0.26,1.0419,52,134.3148,52,0,1.0,52.0,0.0743,52.0,0.0,0.0,52.3333,0.0874,316.0,none,none,8,12,10,4,0,0.0774,0,4,200,700.0,1,clear,24.0
Concert Event Night,2024-03-15,EntryExitPoint_E,MALL,0,0.0,0.0,0.0,0,0.0,0,0,0.0,0.0,0.0,0.0,0.0,0.0,0.0,0.0643,109.0,none,none,7,11,11,4,0,0.0,0,4,80,300.0,1,clear,24.0
Concert Event Night,2024-03-15,EntryExitPoint_N,MALL,146,0.4867,1.46,1.0823,146,121.5418,146,0,1.0,135.0,0.45,135.0,11.0,0.0815,140.3333,0.118,236.0,none,none,7,11,11,4,0,0.5267,0,4,100,300.0,1,clear,24.0
Concert Event Night,2024-03-15,EntryExitPoint_S,MALL,0,0.0,0.0,0.0,0,0.0,0,0,0.0,0.0,0.0,0.0,0.0,0.0,0.0,0.0173,52.0,none,none,7,11,11,4,0,0.0,0,4,100,300.0,1,clear,24.0
Concert Event Night,2024-03-15,EntryExitPoint_W,MALL,0,0.0,0.0,0.0,0,0.0,0,0,0.0,0.0,0.0,0.0,0.0,0.0,0.0,0.0552,92.0,none,none,7,11,11,4,0,0.0,0,4,80,300.0,1,clear,24.0
Concert Event Night,2024-03-15,EventArea,MALL,26,0.0173,0.052,0.9977,26,102.6389,26,0,1.0,26.0,0.0173,26.0,0.0,0.0,26.0,0.0436,136.0,none,none,7,11,11,4,0,0.0173,0,4,500,1500.0,1,clear,24.0
Concert Event Night,2024-03-15,FoodCourt,MALL,26,0.0173,0.065,1.0341,26,130.0661,26,0,1.0,26.0,0.0173,26.0,0.0,0.0,26.0,0.0384,116.0,none,none,7,11,11,4,0,0.0179,0,4,400,1500.0,1,clear,24.0
Concert Event Night,2024-03-15,Lobby,MALL,236,0.118,0.3933,1.0296,236,122.1378,236,0,1.0,233.0,0.1165,233.0,3.0,0.0129,235.0,0.1981,438.0,none,none,7,11,11,4,0,0.1215,0,4,600,2000.0,2,clear,24.0
Concert Event Night,2024-03-15,PedestrianPathway,MALL,175,0.1944,0.7,1.0522,175,125.4201,175,0,1.0,167.0,0.1856,167.0,8.0,0.0479,172.3333,0.0733,495.0,none,none,7,11,11,4,0,0.2046,0,4,250,900.0,0,clear,24.0
Concert Event Night,2024-03-15,QueueArea,MALL,32,0.0533,0.2133,0.9497,32,116.2805,32,0,1.0,32.0,0.0533,32.0,0.0,0.0,33.6667,0.0879,319.0,none,none,7,11,11,4,0,0.0506,0,4,150,600.0,1,clear,24.0
Concert Event Night,2024-03-15,RetailArea_L,MALL,60,0.0571,0.2,0.9847,60,117.8014,60,0,1.0,60.0,0.0571,60.0,0.0,0.0,60.6667,0.1219,443.0,none,none,7,11,11,4,0,0.0563,0,4,300,1050.0,1,clear,24.0
Concert Event Night,2024-03-15,RetailArea_R,MALL,57,0.0543,0.19,1.0194,57,107.9778,57,0,1.0,61.0,0.0581,61.0,-4.0,-0.0656,58.0,0.1289,463.0,none,none,7,11,11,4,0,0.0553,0,4,300,1050.0,1,clear,24.0
Concert Event Night,2024-03-15,ServicePoint,MALL,58,0.0829,0.3222,1.0443,58,117.8275,58,0,1.0,62.0,0.0886,62.0,-4.0,-0.0645,60.6667,0.0848,285.0,none,none,7,11,11,4,0,0.0865,0,4,180,700.0,1,clear,24.0
Concert Event Night,2024-03-15,WaitingArea,MALL,52,0.0743,0.26,1.0288,52,98.9117,52,0,1.0,52.0,0.0743,52.0,0.0,0.0,52.0,0.0872,316.0,none,none,7,11,11,4,0,0.0764,0,4,200,700.0,1,clear,24.0
Concert Event Night,2024-03-15,EntryExitPoint_E,MALL,0,0.0,0.0,0.0,0,0.0,0,0,0.0,0.0,0.0,0.0,0.0,0.0,0.0,0.0652,111.0,none,none,6,10,12,4,0,0.0,0,4,80,300.0,1,clear,24.0
Concert Event Night,2024-03-15,EntryExitPoint_N,MALL,139,0.4633,1.39,1.083,139,122.8428,139,0,1.0,146.0,0.4867,146.0,-7.0,-0.0479,140.0,0.121,242.0,none,none,6,10,12,4,0,0.5018,0,4,100,300.0,1,clear,24.0
Concert Event Night,2024-03-15,EntryExitPoint_S,MALL,0,0.0,0.0,0.0,0,0.0,0,0,0.0,0.0,0.0,0.0,0.0,0.0,0.0,0.0177,53.0,none,none,6,10,12,4,0,0.0,0,4,100,300.0,1,clear,24.0
Concert Event Night,2024-03-15,EntryExitPoint_W,MALL,0,0.0,0.0,0.0,0,0.0,0,0,0.0,0.0,0.0,0.0,0.0,0.0,0.0,0.0581,95.0,none,none,6,10,12,4,0,0.0,0,4,80,300.0,1,clear,24.0
Concert Event Night,2024-03-15,EventArea,MALL,27,0.018,0.054,1.1908,27,153.1144,27,0,1.0,26.0,0.0173,26.0,1.0,0.0385,26.3333,0.044,137.0,none,none,6,10,12,4,0,0.0214,0,4,500,1500.0,1,clear,24.0
Concert Event Night,2024-03-15,FoodCourt,MALL,26,0.0173,0.065,1.1445,26,77.7703,26,0,1.0,26.0,0.0173,26.0,0.0,0.0,26.0,0.0406,122.0,none,none,6,10,12,4,0,0.0198,0,4,400,1500.0,1,clear,24.0
Concert Event Night,2024-03-15,Lobby,MALL,242,0.121,0.4033,1.0579,242,117.0738,242,0,1.0,236.0,0.118,236.0,6.0,0.0254,237.0,0.1925,432.0,none,none,6,10,12,4,0,0.128,0,4,600,2000.0,2,clear,24.0
Concert Event Night,2024-03-15,PedestrianPathway,MALL,175,0.1944,0.7,1.1098,175,120.6347,175,0,1.0,175.0,0.1944,175.0,0.0,0.0,172.3333,0.0753,507.0,none,none,6,10,12,4,0,0.2158,0,4,250,900.0,0,clear,24.0
Concert Event Night,2024-03-15,QueueArea,MALL,36,0.06,0.24,1.0726,36,94.6235,36,0,1.0,32.0,0.0533,32.0,4.0,0.125,33.3333,0.0881,319.0,none,none,6,10,12,4,0,0.0644,0,4,150,600.0,1,clear,24.0
Concert Event Night,2024-03-15,RetailArea_L,MALL,59,0.0562,0.1967,1.0293,59,98.1082,59,0,1.0,60.0,0.0571,60.0,-1.0,-0.0167,59.6667,0.1251,453.0,none,none,6,10,12,4,0,0.0578,0,4,300,1050.0,1,clear,24.0
Concert Event Night,2024-03-15,RetailArea_R,MALL,59,0.0562,0.1967,1.0081,59,123.9158,59,0,1.0,57.0,0.0543,57.0,2.0,0.0351,59.0,0.1299,469.0,none,none,6,10,12,4,0,0.0566,0,4,300,1050.0,1,clear,24.0
Concert Event Night,2024-03-15,ServicePoint,MALL,59,0.0843,0.3278,1.1202,59,113.1391,59,0,1.0,58.0,0.0829,58.0,1.0,0.0172,59.6667,0.0865,289.0,none,none,6,10,12,4,0,0.0944,0,4,180,700.0,1,clear,24.0
Concert Event Night,2024-03-15,WaitingArea,MALL,52,0.0743,0.26,1.0968,52,119.9808,52,0,1.0,52.0,0.0743,52.0,0.0,0.0,52.0,0.0882,320.0,none,none,6,10,12,4,0,0.0815,0,4,200,700.0,1,clear,24.0
Concert Event Night,2024-03-15,EntryExitPoint_E,MALL,0,0.0,0.0,0.0,0,0.0,0,0,0.0,0.0,0.0,0.0,0.0,0.0,0.0,0.0662,112.0,none,none,5,9,13,4,0,0.0,0,4,80,300.0,1,clear,24.0
Concert Event Night,2024-03-15,EntryExitPoint_N,MALL,140,0.4667,1.4,1.0705,140,103.5955,140,0,1.0,139.0,0.4633,139.0,1.0,0.0072,141.6667,0.121,242.0,none,none,5,9,13,4,0,0.4996,0,4,100,300.0,1,clear,24.0
Concert Event Night,2024-03-15,EntryExitPoint_S,MALL,0,0.0,0.0,0.0,0,0.0,0,0,0.0,0.0,0.0,0.0,0.0,0.0,0.0,0.018,54.0,none,none,5,9,13,4,0,0.0,0,4,100,300.0,1,clear,24.0
Concert Event Night,2024-03-15,EntryExitPoint_W,MALL,0,0.0,0.0,0.0,0,0.0,0,0,0.0,0.0,0.0,0.0,0.0,0.0,0.0,0.063,103.0,none,none,5,9,13,4,0,0.0,0,4,80,300.0,1,clear,24.0
Concert Event Night,2024-03-15,EventArea,MALL,27,0.018,0.054,0.9578,27,121.4231,27,0,1.0,27.0,0.018,27.0,0.0,0.0,26.6667,0.0506,156.0,none,none,5,9,13,4,0,0.0172,0,4,500,1500.0,1,clear,24.0
Concert Event Night,2024-03-15,FoodCourt,MALL,27,0.018,0.0675,0.9467,27,84.5158,27,0,1.0,26.0,0.0173,26.0,1.0,0.0385,26.3333,0.0475,141.0,none,none,5,9,13,4,0,0.017,0,4,400,1500.0,1,clear,24.0
Concert Event Night,2024-03-15,Lobby,MALL,242,0.121,0.4033,1.0432,242,103.3448,242,0,1.0,242.0,0.121,242.0,0.0,0.0,240.0,0.1938,435.0,none,none,5,9,13,4,0,0.1262,0,4,600,2000.0,2,clear,24.0
Concert Event Night,2024-03-15,PedestrianPathway,MALL,173,0.1922,0.692,1.0007,173,104.2037,173,0,1.0,175.0,0.1944,175.0,-2.0,-0.0114,174.3333,0.0811,532.0,none,none,5,9,13,4,0,0.1924,0,4,250,900.0,0,clear,24.0
Concert Event Night,2024-03-15,QueueArea,MALL,39,0.065,0.26,1.042,39,96.4693,39,0,1.0,36.0,0.06,36.0,3.0,0.0833,35.6667,0.0946,339.0,none,none,5,9,13,4,0,0.0677,0,4,150,600.0,1,clear,24.0
Concert Event Night,2024-03-15,RetailArea_L,MALL,64,0.061,0.2133,1.076,64,95.9904,64,0,1.0,59.0,0.0562,59.0,5.0,0.0847,61.0,0.1261,454.0,none,none,5,9,13,4,0,0.0656,0,4,300,1050.0,1,clear,24.0
Concert Event Night,2024-03-15,RetailArea_R,MALL,58,0.0552,0.1933,0.9782,58,114.4666,58,0,1.0,59.0,0.0562,59.0,-1.0,-0.0169,58.0,0.1301,469.0,none,none,5,9,13,4,0,0.054,0,4,300,1050.0,1,clear,24.0
Concert Event Night,2024-03-15,ServicePoint,MALL,75,0.1071,0.4167,0.9796,75,89.1283,75,0,1.0,59.0,0.0843,59.0,16.0,0.2712,64.0,0.0881,293.0,none,none,5,9,13,4,0,0.105,0,4,180,700.0,1,clear,24.0
Concert Event Night,2024-03-15,WaitingArea,MALL,54,0.0771,0.27,0.9828,54,131.2091,54,0,1.0,52.0,0.0743,52.0,2.0,0.0385,52.6667,0.0932,333.0,none,none,5,9,13,4,0,0.0758,0,4,200,700.0,1,clear,24.0
Concert Event Night,2024-03-15,EntryExitPoint_E,MALL,0,0.0,0.0,0.0,0,0.0,0,0,0.0,0.0,0.0,0.0,0.0,0.0,0.0,0.0669,114.0,none,none,4,8,14,4,0,0.0,0,4,80,300.0,1,clear,24.0
Concert Event Night,2024-03-15,EntryExitPoint_N,MALL,138,0.46,1.38,1.0697,138,117.257,138,0,1.0,140.0,0.4667,140.0,-2.0,-0.0143,139.0,0.1185,237.0,none,none,4,8,14,4,0,0.4921,0,4,100,300.0,1,clear,24.0
Concert Event Night,2024-03-15,EntryExitPoint_S,MALL,0,0.0,0.0,0.0,0,0.0,0,0,0.0,0.0,0.0,0.0,0.0,0.0,0.0,0.0173,52.0,none,none,4,8,14,4,0,0.0,0,4,100,300.0,1,clear,24.0
Concert Event Night,2024-03-15,EntryExitPoint_W,MALL,0,0.0,0.0,0.0,0,0.0,0,0,0.0,0.0,0.0,0.0,0.0,0.0,0.0,0.0556,92.0,none,none,4,8,14,4,0,0.0,0,4,80,300.0,1,clear,24.0
Concert Event Night,2024-03-15,EventArea,MALL,26,0.0173,0.052,1.0406,26,126.7749,26,0,1.0,27.0,0.018,27.0,-1.0,-0.037,26.6667,0.0461,143.0,none,none,4,8,14,4,0,0.018,0,4,500,1500.0,1,clear,24.0
Concert Event Night,2024-03-15,FoodCourt,MALL,26,0.0173,0.065,1.0887,26,97.9919,26,0,1.0,27.0,0.018,27.0,-1.0,-0.037,26.3333,0.0409,123.0,none,none,4,8,14,4,0,0.0189,0,4,400,1500.0,1,clear,24.0
Concert Event Night,2024-03-15,Lobby,MALL,237,0.1185,0.395,1.048,237,119.0747,237,0,1.0,242.0,0.121,242.0,-5.0,-0.0207,240.3333,0.1927,435.0,none,none,4,8,14,4,0,0.1242,0,4,600,2000.0,2,clear,24.0
Concert Event Night,2024-03-15,PedestrianPathway,MALL,177,0.1967,0.708,1.0559,177,111.1678,177,0,1.0,173.0,0.1922,173.0,4.0,0.0231,175.0,0.0758,507.0,none,none,4,8,14,4,0,0.2077,0,4,250,900.0,0,clear,24.0
Concert Event Night,2024-03-15,QueueArea,MALL,33,0.055,0.22,1.0956,33,118.5596,33,0,1.0,39.0,0.065,39.0,-6.0,-0.1538,36.0,0.0904,326.0,none,none,4,8,14,4,0,0.0603,0,4,150,600.0,1,clear,24.0
Concert Event Night,2024-03-15,RetailArea_L,MALL,59,0.0562,0.1967,1.0042,59,104.9591,59,0,1.0,64.0,0.061,64.0,-5.0,-0.0781,60.6667,0.1234,447.0,none,none,4,8,14,4,0,0.0564,0,4,300,1050.0,1,clear,24.0
Concert Event Night,2024-03-15,RetailArea_R,MALL,61,0.0581,0.2033,1.0063,61,112.7991,61,0,1.0,58.0,0.0552,58.0,3.0,0.0517,59.3333,0.1303,467.0,none,none,4,8,14,4,0,0.0585,0,4,300,1050.0,1,clear,24.0
Concert Event Night,2024-03-15,ServicePoint,MALL,64,0.0914,0.3556,1.0607,64,104.665,64,0,1.0,75.0,0.1071,75.0,-11.0,-0.1467,66.0,0.0862,289.0,none,none,4,8,14,4,0,0.097,0,4,180,700.0,1,clear,24.0
Concert Event Night,2024-03-15,WaitingArea,MALL,53,0.0757,0.265,1.0509,53,115.3652,53,0,1.0,54.0,0.0771,54.0,-1.0,-0.0185,53.0,0.0909,328.0,none,none,4,8,14,4,0,0.0796,0,4,200,700.0,1,clear,24.0
Concert Event Night,2024-03-15,EntryExitPoint_E,MALL,0,0.0,0.0,0.0,0,0.0,0,0,0.0,0.0,0.0,0.0,0.0,0.0,0.0,0.0648,110.0,none,none,3,7,15,4,0,0.0,0,4,80,300.0,1,clear,24.0
Concert Event Night,2024-03-15,EntryExitPoint_N,MALL,131,0.4367,1.31,1.094,131,136.1486,131,0,1.0,138.0,0.46,138.0,-7.0,-0.0507,136.3333,0.117,234.0,none,none,3,7,15,4,0,0.4777,0,4,100,300.0,1,clear,24.0
Concert Event Night,2024-03-15,EntryExitPoint_S,MALL,0,0.0,0.0,0.0,0,0.0,0,0,0.0,0.0,0.0,0.0,0.0,0.0,0.0,0.0173,52.0,none,none,3,7,15,4,0,0.0,0,4,100,300.0,1,clear,24.0
Concert Event Night,2024-03-15,EntryExitPoint_W,MALL,0,0.0,0.0,0.0,0,0.0,0,0,0.0,0.0,0.0,0.0,0.0,0.0,0.0,0.0548,91.0,none,none,3,7,15,4,0,0.0,0,4,80,300.0,1,clear,24.0
Concert Event Night,2024-03-15,EventArea,MALL,26,0.0173,0.052,1.0405,26,119.7867,26,0,1.0,26.0,0.0173,26.0,0.0,0.0,26.3333,0.0433,135.0,none,none,3,7,15,4,0,0.018,0,4,500,1500.0,1,clear,24.0
Concert Event Night,2024-03-15,FoodCourt,MALL,26,0.0173,0.065,1.0599,26,113.8745,26,0,1.0,26.0,0.0173,26.0,0.0,0.0,26.3333,0.038,115.0,none,none,3,7,15,4,0,0.0184,0,4,400,1500.0,1,clear,24.0
Concert Event Night,2024-03-15,Lobby,MALL,234,0.117,0.39,1.099,234,119.2282,234,0,1.0,237.0,0.1185,237.0,-3.0,-0.0127,237.6667,0.182,410.0,none,none,3,7,15,4,0,0.1286,0,4,600,2000.0,2,clear,24.0
Concert Event Night,2024-03-15,PedestrianPathway,MALL,162,0.18,0.648,1.0658,162,124.1085,162,0,1.0,177.0,0.1967,177.0,-15.0,-0.0847,170.6667,0.0729,492.0,none,none,3,7,15,4,0,0.1918,0,4,250,900.0,0,clear,24.0
Concert Event Night,2024-03-15,QueueArea,MALL,32,0.0533,0.2133,1.1435,32,128.2931,32,0,1.0,33.0,0.055,33.0,-1.0,-0.0303,34.6667,0.0837,304.0,none,none,3,7,15,4,0,0.061,0,4,150,600.0,1,clear,24.0
Concert Event Night,2024-03-15,RetailArea_L,MALL,59,0.0562,0.1967,1.1519,59,117.193,59,0,1.0,59.0,0.0562,59.0,0.0,0.0,60.6667,0.1168,428.0,none,none,3,7,15,4,0,0.0647,0,4,300,1050.0,1,clear,24.0
Concert Event Night,2024-03-15,RetailArea_R,MALL,58,0.0552,0.1933,1.0473,58,104.351,58,0,1.0,61.0,0.0581,61.0,-3.0,-0.0492,59.0,0.1238,448.0,none,none,3,7,15,4,0,0.0579,0,4,300,1050.0,1,clear,24.0
Concert Event Night,2024-03-15,ServicePoint,MALL,57,0.0814,0.3167,1.0289,57,125.2529,57,0,1.0,64.0,0.0914,64.0,-7.0,-0.1094,65.3333,0.0812,272.0,none,none,3,7,15,4,0,0.0838,0,4,180,700.0,1,clear,24.0
Concert Event Night,2024-03-15,WaitingArea,MALL,52,0.0743,0.26,1.0278,52,117.7579,52,0,1.0,53.0,0.0757,53.0,-1.0,-0.0189,53.0,0.0835,303.0,none,none,3,7,15,4,0,0.0763,0,4,200,700.0,1,clear,24.0
Concert Event Night,2024-03-15,EntryExitPoint_E,MALL,0,0.0,0.0,0.0,0,0.0,0,0,0.0,0.0,0.0,0.0,0.0,0.0,0.0,0.066,112.0,none,none,2,6,16,4,0,0.0,0,4,80,300.0,1,clear,24.0
Concert Event Night,2024-03-15,EntryExitPoint_N,MALL,134,0.4467,1.34,1.093,134,113.5159,134,0,1.0,131.0,0.4367,131.0,3.0,0.0229,134.3333,0.118,236.0,none,none,2,6,16,4,0,0.4882,0,4,100,300.0,1,clear,24.0
Concert Event Night,2024-03-15,EntryExitPoint_S,MALL,0,0.0,0.0,0.0,0,0.0,0,0,0.0,0.0,0.0,0.0,0.0,0.0,0.0,0.0173,52.0,none,none,2,6,16,4,0,0.0,0,4,100,300.0,1,clear,24.0
Concert Event Night,2024-03-15,EntryExitPoint_W,MALL,0,0.0,0.0,0.0,0,0.0,0,0,0.0,0.0,0.0,0.0,0.0,0.0,0.0,0.0601,100.0,none,none,2,6,16,4,0,0.0,0,4,80,300.0,1,clear,24.0
Concert Event Night,2024-03-15,EventArea,MALL,26,0.0173,0.052,1.0235,26,104.6157,26,0,1.0,26.0,0.0173,26.0,0.0,0.0,26.0,0.0458,142.0,none,none,2,6,16,4,0,0.0177,0,4,500,1500.0,1,clear,24.0
Concert Event Night,2024-03-15,FoodCourt,MALL,26,0.0173,0.065,1.048,26,95.1749,26,0,1.0,26.0,0.0173,26.0,0.0,0.0,26.0,0.0414,124.0,none,none,2,6,16,4,0,0.0182,0,4,400,1500.0,1,clear,24.0
Concert Event Night,2024-03-15,Lobby,MALL,236,0.118,0.3933,1.0704,236,116.7783,236,0,1.0,234.0,0.117,234.0,2.0,0.0085,235.6667,0.1904,435.0,none,none,2,6,16,4,0,0.1263,0,4,600,2000.0,2,clear,24.0
Concert Event Night,2024-03-15,PedestrianPathway,MALL,177,0.1967,0.708,1.0307,177,110.5837,177,0,1.0,162.0,0.18,162.0,15.0,0.0926,172.0,0.0767,511.0,none,none,2,6,16,4,0,0.2027,0,4,250,900.0,0,clear,24.0
Concert Event Night,2024-03-15,QueueArea,MALL,35,0.0583,0.2333,1.0833,35,122.4394,35,0,1.0,32.0,0.0533,32.0,3.0,0.0937,33.3333,0.0915,331.0,none,none,2,6,16,4,0,0.0632,0,4,150,600.0,1,clear,24.0
Concert Event Night,2024-03-15,RetailArea_L,MALL,65,0.0619,0.2167,1.0854,65,139.4554,65,0,1.0,59.0,0.0562,59.0,6.0,0.1017,61.0,0.1243,448.0,none,none,2,6,16,4,0,0.0672,0,4,300,1050.0,1,clear,24.0
Concert Event Night,2024-03-15,RetailArea_R,MALL,59,0.0562,0.1967,1.0153,59,107.5523,59,0,1.0,58.0,0.0552,58.0,1.0,0.0172,59.3333,0.1301,466.0,none,none,2,6,16,4,0,0.057,0,4,300,1050.0,1,clear,24.0
Concert Event Night,2024-03-15,ServicePoint,MALL,63,0.09,0.35,1.0039,63,92.0245,63,0,1.0,57.0,0.0814,57.0,6.0,0.1053,61.3333,0.087,291.0,none,none,2,6,16,4,0,0.0903,0,4,180,700.0,1,clear,24.0
Concert Event Night,2024-03-15,WaitingArea,MALL,53,0.0757,0.265,1.0188,53,109.4439,53,0,1.0,52.0,0.0743,52.0,1.0,0.0192,52.6667,0.09,325.0,none,none,2,6,16,4,0,0.0771,0,4,200,700.0,1,clear,24.0
Concert Event Night,2024-03-15,EntryExitPoint_E,MALL,0,0.0,0.0,0.0,0,0.0,0,0,0.0,0.0,0.0,0.0,0.0,0.0,0.0,0.0669,114.0,none,none,1,5,17,4,0,0.0,0,4,80,300.0,1,clear,24.0
Concert Event Night,2024-03-15,EntryExitPoint_N,MALL,150,0.5,1.5,1.07,150,111.4153,150,0,1.0,134.0,0.4467,134.0,16.0,0.1194,138.3333,0.1185,237.0,none,none,1,5,17,4,0,0.535,0,4,100,300.0,1,clear,24.0
Concert Event Night,2024-03-15,EntryExitPoint_S,MALL,0,0.0,0.0,0.0,0,0.0,0,0,0.0,0.0,0.0,0.0,0.0,0.0,0.0,0.0173,52.0,none,none,1,5,17,4,0,0.0,0,4,100,300.0,1,clear,24.0
Concert Event Night,2024-03-15,EntryExitPoint_W,MALL,0,0.0,0.0,0.0,0,0.0,0,0,0.0,0.0,0.0,0.0,0.0,0.0,0.0,0.061,101.0,none,none,1,5,17,4,0,0.0,0,4,80,300.0,1,clear,24.0
Concert Event Night,2024-03-15,EventArea,MALL,26,0.0173,0.052,0.9376,26,120.2587,26,0,1.0,26.0,0.0173,26.0,0.0,0.0,26.0,0.0433,135.0,none,none,1,5,17,4,0,0.0163,0,4,500,1500.0,1,clear,24.0
Concert Event Night,2024-03-15,FoodCourt,MALL,26,0.0173,0.065,0.9705,26,73.4499,26,0,1.0,26.0,0.0173,26.0,0.0,0.0,26.0,0.0393,118.0,none,none,1,5,17,4,0,0.0168,0,4,400,1500.0,1,clear,24.0
Concert Event Night,2024-03-15,Lobby,MALL,237,0.1185,0.395,1.0187,237,110.5778,237,0,1.0,236.0,0.118,236.0,1.0,0.0042,235.6667,0.2033,450.0,none,none,1,5,17,4,0,0.1207,0,4,600,2000.0,2,clear,24.0
Concert Event Night,2024-03-15,PedestrianPathway,MALL,174,0.1933,0.696,1.0315,174,108.7635,174,0,1.0,177.0,0.1967,177.0,-3.0,-0.0169,171.0,0.0757,508.0,none,none,1,5,17,4,0,0.1994,0,4,250,900.0,0,clear,24.0
Concert Event Night,2024-03-15,QueueArea,MALL,36,0.06,0.24,1.0616,36,93.3604,36,0,1.0,35.0,0.0583,35.0,1.0,0.0286,34.3333,0.0881,321.0,none,none,1,5,17,4,0,0.0637,0,4,150,600.0,1,clear,24.0
Concert Event Night,2024-03-15,RetailArea_L,MALL,65,0.0619,0.2167,1.0032,65,102.0115,65,0,1.0,65.0,0.0619,65.0,0.0,0.0,63.0,0.1239,447.0,none,none,1,5,17,4,0,0.0621,0,4,300,1050.0,1,clear,24.0
Concert Event Night,2024-03-15,RetailArea_R,MALL,61,0.0581,0.2033,1.0169,61,115.5131,61,0,1.0,59.0,0.0562,59.0,2.0,0.0339,59.3333,0.1292,464.0,none,none,1,5,17,4,0,0.0591,0,4,300,1050.0,1,clear,24.0
Concert Event Night,2024-03-15,ServicePoint,MALL,56,0.08,0.3111,0.9688,56,86.169,56,0,1.0,63.0,0.09,63.0,-7.0,-0.1111,58.6667,0.0866,289.0,none,none,1,5,17,4,0,0.0775,0,4,180,700.0,1,clear,24.0
Concert Event Night,2024-03-15,WaitingArea,MALL,53,0.0757,0.265,0.9628,53,118.8667,53,0,1.0,53.0,0.0757,53.0,0.0,0.0,52.6667,0.0872,317.0,none,none,1,5,17,4,0,0.0729,0,4,200,700.0,1,clear,24.0
Concert Event Night,2024-03-15,EntryExitPoint_E,MALL,0,0.0,0.0,0.0,0,0.0,0,0,0.0,0.0,0.0,0.0,0.0,0.0,0.0,0.0667,113.0,concert,large,0,4,18,4,0,0.0,0,4,80,300.0,1,clear,24.0
Concert Event Night,2024-03-15,EntryExitPoint_N,MALL,152,0.5067,1.52,1.0847,152,119.4121,152,0,1.0,150.0,0.5,150.0,2.0,0.0133,145.3333,0.1195,239.0,concert,large,0,4,18,4,0,0.5496,0,4,100,300.0,1,clear,24.0
Concert Event Night,2024-03-15,EntryExitPoint_S,MALL,0,0.0,0.0,0.0,0,0.0,0,0,0.0,0.0,0.0,0.0,0.0,0.0,0.0,0.018,54.0,concert,large,0,4,18,4,0,0.0,0,4,100,300.0,1,clear,24.0
Concert Event Night,2024-03-15,EntryExitPoint_W,MALL,0,0.0,0.0,0.0,0,0.0,0,0,0.0,0.0,0.0,0.0,0.0,0.0,0.0,0.0599,98.0,concert,large,0,4,18,4,0,0.0,0,4,80,300.0,1,clear,24.0
Concert Event Night,2024-03-15,EventArea,MALL,27,0.018,0.054,0.9883,27,80.5451,27,0,1.0,26.0,0.0173,26.0,1.0,0.0385,26.3333,0.0452,141.0,concert,large,0,4,18,4,0,0.0178,0,4,500,1500.0,1,clear,24.0
Concert Event Night,2024-03-15,FoodCourt,MALL,27,0.018,0.0675,0.983,27,93.4022,27,0,1.0,26.0,0.0173,26.0,1.0,0.0385,26.3333,0.0413,124.0,concert,large,0,4,18,4,0,0.0177,0,4,400,1500.0,1,clear,24.0
Concert Event Night,2024-03-15,Lobby,MALL,239,0.1195,0.3983,1.0352,239,116.0247,239,0,1.0,237.0,0.1185,237.0,2.0,0.0084,237.3333,0.205,451.0,concert,large,0,4,18,4,0,0.1237,0,4,600,2000.0,2,clear,24.0
Concert Event Night,2024-03-15,PedestrianPathway,MALL,179,0.1989,0.716,1.0348,179,104.4811,179,0,1.0,174.0,0.1933,174.0,5.0,0.0287,176.6667,0.0764,510.0,concert,large,0,4,18,4,0,0.2058,0,4,250,900.0,0,clear,24.0
Concert Event Night,2024-03-15,QueueArea,MALL,37,0.0617,0.2467,1.0732,37,100.0894,37,0,1.0,36.0,0.06,36.0,1.0,0.0278,36.0,0.0902,327.0,concert,large,0,4,18,4,0,0.0662,0,4,150,600.0,1,clear,24.0
Concert Event Night,2024-03-15,RetailArea_L,MALL,61,0.0581,0.2033,1.0289,61,109.4033,61,0,1.0,65.0,0.0619,65.0,-4.0,-0.0615,63.6667,0.1267,455.0,concert,large,0,4,18,4,0,0.0598,0,4,300,1050.0,1,clear,24.0
Concert Event Night,2024-03-15,RetailArea_R,MALL,59,0.0562,0.1967,0.9891,59,96.6598,59,0,1.0,61.0,0.0581,61.0,-2.0,-0.0328,59.6667,0.1318,472.0,concert,large,0,4,18,4,0,0.0556,0,4,300,1050.0,1,clear,24.0
Concert Event Night,2024-03-15,ServicePoint,MALL,60,0.0857,0.3333,0.9798,60,93.3354,60,0,1.0,56.0,0.08,56.0,4.0,0.0714,59.6667,0.0889,297.0,concert,large,0,4,18,4,0,0.084,0,4,180,700.0,1,clear,24.0
Concert Event Night,2024-03-15,WaitingArea,MALL,54,0.0771,0.27,1.0157,54,83.4058,54,0,1.0,53.0,0.0757,53.0,1.0,0.0189,53.3333,0.0897,325.0,concert,large,0,4,18,4,0,0.0784,0,4,200,700.0,1,clear,24.0
Concert Event Night,2024-03-15,EntryExitPoint_E,MALL,0,0.0,0.0,0.0,0,0.0,0,0,0.0,0.0,0.0,0.0,0.0,0.0,0.0,0.065,110.0,concert,large,0,3,19,4,0,0.0,0,4,80,300.0,1,clear,24.0
Concert Event Night,2024-03-15,EntryExitPoint_N,MALL,125,0.4167,1.25,1.0806,125,111.8927,125,0,1.0,152.0,0.5067,152.0,-27.0,-0.1776,142.3333,0.119,238.0,concert,large,0,3,19,4,0,0.4502,0,4,100,300.0,1,clear,24.0
Concert Event Night,2024-03-15,EntryExitPoint_S,MALL,0,0.0,0.0,0.0,0,0.0,0,0,0.0,0.0,0.0,0.0,0.0,0.0,0.0,0.0177,53.0,concert,large,0,3,19,4,0,0.0,0,4,100,300.0,1,clear,24.0
Concert Event Night,2024-03-15,EntryExitPoint_W,MALL,0,0.0,0.0,0.0,0,0.0,0,0,0.0,0.0,0.0,0.0,0.0,0.0,0.0,0.0589,96.0,concert,large,0,3,19,4,0,0.0,0,4,80,300.0,1,clear,24.0
Concert Event Night,2024-03-15,EventArea,MALL,26,0.0173,0.052,1.0163,26,107.4479,26,0,1.0,27.0,0.018,27.0,-1.0,-0.037,26.3333,0.0466,145.0,concert,large,0,3,19,4,0,0.0176,0,4,500,1500.0,1,clear,24.0
Concert Event Night,2024-03-15,FoodCourt,MALL,27,0.018,0.0675,1.1101,27,125.0377,27,0,1.0,27.0,0.018,27.0,0.0,0.0,26.6667,0.043,128.0,concert,large,0,3,19,4,0,0.02,0,4,400,1500.0,1,clear,24.0
Concert Event Night,2024-03-15,Lobby,MALL,238,0.119,0.3967,1.063,238,111.5737,238,0,1.0,239.0,0.1195,239.0,-1.0,-0.0042,238.0,0.1801,415.0,concert,large,0,3,19,4,0,0.1265,0,4,600,2000.0,2,clear,24.0
Concert Event Night,2024-03-15,PedestrianPathway,MALL,174,0.1933,0.696,1.056,174,111.3791,174,0,1.0,179.0,0.1989,179.0,-5.0,-0.0279,175.6667,0.0766,509.0,concert,large,0,3,19,4,0,0.2042,0,4,250,900.0,0,clear,24.0
Concert Event Night,2024-03-15,QueueArea,MALL,37,0.0617,0.2467,1.0202,37,88.4594,37,0,1.0,37.0,0.0617,37.0,0.0,0.0,36.6667,0.0901,325.0,concert,large,0,3,19,4,0,0.0629,0,4,150,600.0,1,clear,24.0
Concert Event Night,2024-03-15,RetailArea_L,MALL,59,0.0562,0.1967,1.0026,59,104.1831,59,0,1.0,61.0,0.0581,61.0,-2.0,-0.0328,61.6667,0.1247,449.0,concert,large,0,3,19,4,0,0.0563,0,4,300,1050.0,1,clear,24.0
Concert Event Night,2024-03-15,RetailArea_R,MALL,57,0.0543,0.19,1.1059,57,131.7487,57,0,1.0,59.0,0.0562,59.0,-2.0,-0.0339,59.0,0.1293,465.0,concert,large,0,3,19,4,0,0.06,0,4,300,1050.0,1,clear,24.0
Concert Event Night,2024-03-15,ServicePoint,MALL,65,0.0929,0.3611,1.0583,65,100.3916,65,0,1.0,60.0,0.0857,60.0,5.0,0.0833,60.3333,0.0872,291.0,concert,large,0,3,19,4,0,0.0983,0,4,180,700.0,1,clear,24.0
Concert Event Night,2024-03-15,WaitingArea,MALL,53,0.0757,0.265,1.0508,53,117.3527,53,0,1.0,54.0,0.0771,54.0,-1.0,-0.0185,53.3333,0.0895,322.0,concert,large,0,3,19,4,0,0.0796,0,4,200,700.0,1,clear,24.0
Concert Event Night,2024-03-15,EntryExitPoint_E,MALL,0,0.0,0.0,0.0,0,0.0,0,0,0.0,0.0,0.0,0.0,0.0,0.0,0.0,0.0681,117.0,concert,large,0,2,20,4,0,0.0,0,4,80,300.0,1,clear,24.0
Concert Event Night,2024-03-15,EntryExitPoint_N,MALL,140,0.4667,1.4,1.1166,140,126.5579,140,0,1.0,125.0,0.4167,125.0,15.0,0.12,139.0,0.118,236.0,concert,large,0,2,20,4,0,0.5211,0,4,100,300.0,1,clear,24.0
Concert Event Night,2024-03-15,EntryExitPoint_S,MALL,0,0.0,0.0,0.0,0,0.0,0,0,0.0,0.0,0.0,0.0,0.0,0.0,0.0,0.0177,53.0,concert,large,0,2,20,4,0,0.0,0,4,100,300.0,1,clear,24.0
Concert Event Night,2024-03-15,EntryExitPoint_W,MALL,0,0.0,0.0,0.0,0,0.0,0,0,0.0,0.0,0.0,0.0,0.0,0.0,0.0,0.0567,95.0,concert,large,0,2,20,4,0,0.0,0,4,80,300.0,1,clear,24.0
Concert Event Night,2024-03-15,EventArea,MALL,26,0.0173,0.052,1.1055,26,139.0953,26,0,1.0,26.0,0.0173,26.0,0.0,0.0,26.3333,0.0452,141.0,concert,large,0,2,20,4,0,0.0192,0,4,500,1500.0,1,clear,24.0
Concert Event Night,2024-03-15,FoodCourt,MALL,27,0.018,0.0675,0.9942,27,115.2075,27,0,1.0,27.0,0.018,27.0,0.0,0.0,27.0,0.0398,120.0,concert,large,0,2,20,4,0,0.0179,0,4,400,1500.0,1,clear,24.0
Concert Event Night,2024-03-15,Lobby,MALL,236,0.118,0.3933,1.072,236,118.7255,236,0,1.0,238.0,0.119,238.0,-2.0,-0.0084,237.6667,0.1949,440.0,concert,large,0,2,20,4,0,0.1265,0,4,600,2000.0,2,clear,24.0
Concert Event Night,2024-03-15,PedestrianPathway,MALL,172,0.1911,0.688,1.0695,172,118.0227,172,0,1.0,174.0,0.1933,174.0,-2.0,-0.0115,175.0,0.076,510.0,concert,large,0,2,20,4,0,0.2044,0,4,250,900.0,0,clear,24.0
Concert Event Night,2024-03-15,QueueArea,MALL,32,0.0533,0.2133,1.114,32,141.9519,32,0,1.0,37.0,0.0617,37.0,-5.0,-0.1351,35.3333,0.0894,324.0,concert,large,0,2,20,4,0,0.0594,0,4,150,600.0,1,clear,24.0
Concert Event Night,2024-03-15,RetailArea_L,MALL,63,0.06,0.21,1.0951,63,134.42,63,0,1.0,59.0,0.0562,59.0,4.0,0.0678,61.0,0.1208,440.0,concert,large,0,2,20,4,0,0.0657,0,4,300,1050.0,1,clear,24.0
Concert Event Night,2024-03-15,RetailArea_R,MALL,65,0.0619,0.2167,1.0612,65,112.1909,65,0,1.0,57.0,0.0543,57.0,8.0,0.1403,60.3333,0.1278,460.0,concert,large,0,2,20,4,0,0.0657,0,4,300,1050.0,1,clear,24.0
Concert Event Night,2024-03-15,ServicePoint,MALL,62,0.0886,0.3444,1.0427,62,114.8859,62,0,1.0,65.0,0.0929,65.0,-3.0,-0.0462,62.3333,0.0842,283.0,concert,large,0,2,20,4,0,0.0924,0,4,180,700.0,1,clear,24.0
Concert Event Night,2024-03-15,WaitingArea,MALL,52,0.0743,0.26,1.0671,52,112.8771,52,0,1.0,53.0,0.0757,53.0,-1.0,-0.0189,53.0,0.0897,325.0,concert,large,0,2,20,4,0,0.0793,0,4,200,700.0,1,clear,24.0
Concert Event Night,2024-03-15,EntryExitPoint_E,MALL,0,0.0,0.0,0.0,0,0.0,0,0,0.0,0.0,0.0,0.0,0.0,0.0,0.0,0.0648,110.0,concert,large,0,1,21,4,0,0.0,0,4,80,300.0,1,clear,24.0
Concert Event Night,2024-03-15,EntryExitPoint_N,MALL,136,0.4533,1.36,1.0179,136,100.4703,136,0,1.0,140.0,0.4667,140.0,-4.0,-0.0286,133.6667,0.118,236.0,concert,large,0,1,21,4,0,0.4614,0,4,100,300.0,1,clear,24.0
Concert Event Night,2024-03-15,EntryExitPoint_S,MALL,0,0.0,0.0,0.0,0,0.0,0,0,0.0,0.0,0.0,0.0,0.0,0.0,0.0,0.0173,52.0,concert,large,0,1,21,4,0,0.0,0,4,100,300.0,1,clear,24.0
Concert Event Night,2024-03-15,EntryExitPoint_W,MALL,0,0.0,0.0,0.0,0,0.0,0,0,0.0,0.0,0.0,0.0,0.0,0.0,0.0,0.0554,93.0,concert,large,0,1,21,4,0,0.0,0,4,80,300.0,1,clear,24.0
Concert Event Night,2024-03-15,EventArea,MALL,26,0.0173,0.052,1.1267,26,151.7328,26,0,1.0,26.0,0.0173,26.0,0.0,0.0,26.0,0.0447,139.0,concert,large,0,1,21,4,0,0.0195,0,4,500,1500.0,1,clear,24.0
Concert Event Night,2024-03-15,FoodCourt,MALL,26,0.0173,0.065,1.0398,26,111.565,26,0,1.0,27.0,0.018,27.0,-1.0,-0.037,26.6667,0.039,118.0,concert,large,0,1,21,4,0,0.018,0,4,400,1500.0,1,clear,24.0
Concert Event Night,2024-03-15,Lobby,MALL,236,0.118,0.3933,0.9995,236,104.2719,236,0,1.0,236.0,0.118,236.0,0.0,0.0,236.6667,0.1894,427.0,concert,large,0,1,21,4,0,0.1179,0,4,600,2000.0,2,clear,24.0
Concert Event Night,2024-03-15,PedestrianPathway,MALL,171,0.19,0.684,1.0371,171,109.4265,171,0,1.0,172.0,0.1911,172.0,-1.0,-0.0058,172.3333,0.0742,500.0,concert,large,0,1,21,4,0,0.1971,0,4,250,900.0,0,clear,24.0
Concert Event Night,2024-03-15,QueueArea,MALL,31,0.0517,0.2067,1.0387,31,120.9071,31,0,1.0,32.0,0.0533,32.0,-1.0,-0.0312,33.3333,0.0884,320.0,concert,large,0,1,21,4,0,0.0537,0,4,150,600.0,1,clear,24.0
Concert Event Night,2024-03-15,RetailArea_L,MALL,62,0.059,0.2067,1.0226,62,117.1419,62,0,1.0,63.0,0.06,63.0,-1.0,-0.0159,61.3333,0.1199,438.0,concert,large,0,1,21,4,0,0.0604,0,4,300,1050.0,1,clear,24.0
Concert Event Night,2024-03-15,RetailArea_R,MALL,58,0.0552,0.1933,1.0034,58,99.2243,58,0,1.0,65.0,0.0619,65.0,-7.0,-0.1077,60.0,0.1274,459.0,concert,large,0,1,21,4,0,0.0554,0,4,300,1050.0,1,clear,24.0
Concert Event Night,2024-03-15,ServicePoint,MALL,61,0.0871,0.3389,1.0232,61,107.0435,61,0,1.0,62.0,0.0886,62.0,-1.0,-0.0161,62.6667,0.0833,280.0,concert,large,0,1,21,4,0,0.0892,0,4,180,700.0,1,clear,24.0
Concert Event Night,2024-03-15,WaitingArea,MALL,52,0.0743,0.26,1.1193,52,140.4371,52,0,1.0,52.0,0.0743,52.0,0.0,0.0,52.3333,0.0874,316.0,concert,large,0,1,21,4,0,0.0831,0,4,200,700.0,1,clear,24.0
Concert Event Night,2024-03-15,EntryExitPoint_E,MALL,0,0.0,0.0,0.0,0,0.0,0,0,0.0,0.0,0.0,0.0,0.0,0.0,0.0,0.0369,66.0,none,none,0,0,22,4,0,0.0,0,4,80,300.0,1,clear,24.0
Concert Event Night,2024-03-15,EntryExitPoint_N,MALL,167,0.5567,1.67,1.0503,167,107.3112,167,0,1.0,136.0,0.4533,136.0,31.0,0.2279,147.6667,0.124,248.0,none,none,0,0,22,4,0,0.5846,0,4,100,300.0,1,clear,24.0
Concert Event Night,2024-03-15,EntryExitPoint_S,MALL,0,0.0,0.0,0.0,0,0.0,0,0,0.0,0.0,0.0,0.0,0.0,0.0,0.0,0.0103,31.0,none,none,0,0,22,4,0,0.0,0,4,100,300.0,1,clear,24.0
Concert Event Night,2024-03-15,EntryExitPoint_W,MALL,0,0.0,0.0,0.0,0,0.0,0,0,0.0,0.0,0.0,0.0,0.0,0.0,0.0,0.0517,89.0,none,none,0,0,22,4,0,0.0,0,4,80,300.0,1,clear,24.0
Concert Event Night,2024-03-15,EventArea,MALL,14,0.0093,0.028,0.9733,14,97.5837,14,0,1.0,26.0,0.0173,26.0,-12.0,-0.4615,22.0,0.0235,75.0,none,none,0,0,22,4,0,0.0091,0,4,500,1500.0,1,clear,24.0
Concert Event Night,2024-03-15,FoodCourt,MALL,17,0.0113,0.0425,0.9595,17,111.2238,17,0,1.0,26.0,0.0173,26.0,-9.0,-0.3461,23.3333,0.0257,75.0,none,none,0,0,22,4,0,0.0109,0,4,400,1500.0,1,clear,24.0
Concert Event Night,2024-03-15,Lobby,MALL,248,0.124,0.4133,1.0311,248,117.991,248,0,1.0,236.0,0.118,236.0,12.0,0.0508,240.0,0.2016,407.0,none,none,0,0,22,4,0,0.1279,0,4,600,2000.0,2,clear,24.0
Concert Event Night,2024-03-15,PedestrianPathway,MALL,134,0.1489,0.536,1.026,134,105.5738,134,0,1.0,171.0,0.19,171.0,-37.0,-0.2164,159.0,0.0585,438.0,none,none,0,0,22,4,0,0.1528,0,4,250,900.0,0,clear,24.0
Concert Event Night,2024-03-15,QueueArea,MALL,26,0.0433,0.1733,0.9183,26,84.0149,26,0,1.0,31.0,0.0517,31.0,-5.0,-0.1613,29.6667,0.0676,249.0,none,none,0,0,22,4,0,0.0398,0,4,150,600.0,1,clear,24.0
Concert Event Night,2024-03-15,RetailArea_L,MALL,63,0.06,0.21,0.9847,63,112.9292,63,0,1.0,62.0,0.059,62.0,1.0,0.0161,62.6667,0.1054,408.0,none,none,0,0,22,4,0,0.0591,0,4,300,1050.0,1,clear,24.0
Concert Event Night,2024-03-15,RetailArea_R,MALL,43,0.041,0.1433,1.0555,43,146.4283,43,0,1.0,58.0,0.0552,58.0,-15.0,-0.2586,55.3333,0.1019,405.0,none,none,0,0,22,4,0,0.0432,0,4,300,1050.0,1,clear,24.0
Concert Event Night,2024-03-15,ServicePoint,MALL,35,0.05,0.1944,1.0033,35,118.9797,35,0,1.0,61.0,0.0871,61.0,-26.0,-0.4262,52.6667,0.0591,200.0,none,none,0,0,22,4,0,0.0502,0,4,180,700.0,1,clear,24.0
Concert Event Night,2024-03-15,WaitingArea,MALL,23,0.0329,0.115,1.0911,23,124.7774,23,0,1.0,52.0,0.0743,52.0,-29.0,-0.5577,42.3333,0.0623,226.0,none,none,0,0,22,4,0,0.0358,0,4,200,700.0,1,clear,24.0
Concert Event Night,2024-03-15,EntryExitPoint_E,MALL,0,0.0,0.0,0.0,0,0.0,0,0,0.0,0.0,0.0,0.0,0.0,0.0,0.0,0.0374,69.0,none,none,0,0,23,4,0,0.0,0,4,80,300.0,1,clear,24.0
Concert Event Night,2024-03-15,EntryExitPoint_N,MALL,118,0.3933,1.18,1.0414,118,145.097,118,0,1.0,167.0,0.5567,167.0,-49.0,-0.2934,140.3333,0.0975,195.0,none,none,0,0,23,4,0,0.4096,0,4,100,300.0,1,clear,24.0
Concert Event Night,2024-03-15,EntryExitPoint_S,MALL,0,0.0,0.0,0.0,0,0.0,0,0,0.0,0.0,0.0,0.0,0.0,0.0,0.0,0.009,27.0,none,none,0,0,23,4,0,0.0,0,4,100,300.0,1,clear,24.0
Concert Event Night,2024-03-15,EntryExitPoint_W,MALL,0,0.0,0.0,0.0,0,0.0,0,0,0.0,0.0,0.0,0.0,0.0,0.0,0.0,0.0392,68.0,none,none,0,0,23,4,0,0.0,0,4,80,300.0,1,clear,24.0
Concert Event Night,2024-03-15,EventArea,MALL,16,0.0107,0.032,0.8877,16,86.4793,16,0,1.0,14.0,0.0093,14.0,2.0,0.1428,18.6667,0.0211,65.0,none,none,0,0,23,4,0,0.0095,0,4,500,1500.0,1,clear,24.0
Concert Event Night,2024-03-15,FoodCourt,MALL,11,0.0073,0.0275,0.9948,11,130.9255,11,0,1.0,17.0,0.0113,17.0,-6.0,-0.3529,18.0,0.0231,70.0,none,none,0,0,23,4,0,0.0073,0,4,400,1500.0,1,clear,24.0
Concert Event Night,2024-03-15,Lobby,MALL,195,0.0975,0.325,1.0327,195,124.5564,195,0,1.0,248.0,0.124,248.0,-53.0,-0.2137,226.3333,0.1486,313.0,none,none,0,0,23,4,0,0.1007,0,4,600,2000.0,2,clear,24.0
Concert Event Night,2024-03-15,PedestrianPathway,MALL,96,0.1067,0.384,0.9841,96,117.875,96,0,1.0,134.0,0.1489,134.0,-38.0,-0.2836,133.6667,0.0501,367.0,none,none,0,0,23,4,0,0.105,0,4,250,900.0,0,clear,24.0
Concert Event Night,2024-03-15,QueueArea,MALL,19,0.0317,0.1267,1.1128,19,130.5853,19,0,1.0,26.0,0.0433,26.0,-7.0,-0.2692,25.3333,0.0527,191.0,none,none,0,0,23,4,0,0.0352,0,4,150,600.0,1,clear,24.0
Concert Event Night,2024-03-15,RetailArea_L,MALL,49,0.0467,0.1633,1.0781,49,139.2416,49,0,1.0,63.0,0.06,63.0,-14.0,-0.2222,58.0,0.0786,310.0,none,none,0,0,23,4,0,0.0503,0,4,300,1050.0,1,clear,24.0
Concert Event Night,2024-03-15,RetailArea_R,MALL,50,0.0476,0.1667,1.085,50,150.1957,50,0,1.0,43.0,0.041,43.0,7.0,0.1628,50.3333,0.0771,310.0,none,none,0,0,23,4,0,0.0517,0,4,300,1050.0,1,clear,24.0
Concert Event Night,2024-03-15,ServicePoint,MALL,35,0.05,0.1944,0.9535,35,94.3074,35,0,1.0,35.0,0.05,35.0,0.0,0.0,43.6667,0.0432,145.0,none,none,0,0,23,4,0,0.0477,0,4,180,700.0,1,clear,24.0
Concert Event Night,2024-03-15,WaitingArea,MALL,19,0.0271,0.095,0.9419,19,98.0796,19,0,1.0,23.0,0.0329,23.0,-4.0,-0.1739,31.3333,0.0537,197.0,none,none,0,0,23,4,0,0.0256,0,4,200,700.0,1,clear,24.0
